step,train_loss,train_accuracy,valid_loss,valid_mean_token_accuracy
1,3.24196,0.66667,,
2,4.07702,0.55556,,
3,4.44629,0.44444,,
4,2.93643,0.55556,,
5,2.97862,0.66667,,
6,3.96998,0.44444,,
7,3.0583,0.55556,,
8,2.75057,0.66667,,
9,2.72557,0.66667,,
10,2.92801,0.66667,,
11,2.23325,0.66667,,
12,2.09641,0.66667,,
13,2.51571,0.55556,,
14,2.46621,0.55556,,
15,2.11122,0.66667,,
16,1.70577,0.66667,,
17,1.53761,0.55556,,
18,1.61577,0.44444,,
19,0.88432,0.66667,,
20,1.44759,0.55556,,
21,1.73875,0.66667,,
22,0.93301,0.66667,,
23,0.86274,0.77778,,
24,0.42002,0.44444,,
25,0.26363,0.77778,,
26,0.48899,0.77778,,
27,0.01406,1.0,,
28,0.33714,0.88889,,
29,0.00591,1.0,,
30,0.25072,0.88889,,
31,0.008,1.0,,
32,0.05359,1.0,,
33,0.37076,0.88889,,
34,0.17309,0.88889,,
35,0.05903,1.0,,
36,0.24806,0.88889,,
37,0.05252,1.0,,
38,1.57988,0.77778,,
39,0.56844,0.88889,,
40,0.49465,0.77778,,
41,0.02052,1.0,,
42,0.11565,0.88889,,
43,0.06034,1.0,,
44,0.00332,1.0,,
45,0.03385,1.0,,
46,0.13536,1.0,,
47,0.45766,0.77778,,
48,0.9706,0.77778,,
49,0.00701,1.0,,
50,0.46125,0.88889,,
51,0.02729,1.0,,
52,0.11546,1.0,,
53,0.15178,0.88889,,
54,0.13615,0.88889,,
55,0.0792,1.0,,
56,0.0062,1.0,,
57,0.08524,1.0,,
58,0.57753,0.77778,,
59,1.2419,0.66667,,
60,0.6266,0.77778,,
61,0.14089,0.88889,,
62,0.50779,0.77778,,
63,0.51375,0.77778,,
64,0.10003,0.88889,,
65,0.15298,0.88889,,
66,0.42728,0.88889,,
67,0.79686,0.88889,,
68,0.33286,0.88889,,
69,0.52391,0.66667,,
70,0.01456,1.0,,
71,0.02813,1.0,,
72,0.06639,1.0,,
73,0.46161,0.77778,,
74,0.01733,1.0,,
75,0.16022,0.88889,,
76,0.41886,0.88889,,
77,0.85665,0.66667,,
78,0.17059,0.88889,,
79,0.30805,0.77778,,
80,0.01691,1.0,,
81,0.02906,1.0,,
82,0.18065,0.88889,,
83,0.18709,0.88889,,
84,0.17087,0.88889,,
85,0.0629,1.0,,
86,0.30325,0.88889,,
87,0.06892,1.0,,
88,0.081,1.0,,
89,0.08198,0.88889,,
90,0.18298,0.88889,,
91,0.086,1.0,,
92,0.61486,0.88889,,
93,0.21415,0.77778,,
94,0.18945,0.88889,,
95,0.10278,1.0,,
96,0.13181,0.88889,,
97,0.1756,0.83333,,
98,0.72529,0.77778,,
99,0.03345,1.0,,
100,0.49404,0.88889,,
101,0.11079,0.88889,,
102,0.02938,1.0,,
103,1.43865,0.77778,,
104,0.44502,0.77778,,
105,0.42039,0.77778,,
106,0.04023,1.0,,
107,0.24432,0.88889,,
108,0.08178,1.0,,
109,0.07962,1.0,,
110,0.00827,1.0,,
111,0.38634,0.77778,,
112,0.08183,1.0,,
113,1.19532,0.77778,,
114,0.91926,0.77778,,
115,0.5383,0.88889,,
116,0.00213,1.0,,
117,0.00087,1.0,,
118,0.80912,0.77778,,
119,0.03174,1.0,,
120,0.39593,0.77778,,
121,0.47105,0.77778,,
122,0.70809,0.88889,,
123,0.02116,1.0,,
124,0.01441,1.0,,
125,0.00501,1.0,,
126,0.00596,1.0,,
127,0.7672,0.77778,,
128,0.00525,1.0,,
129,0.05865,1.0,,
130,0.01906,1.0,,
131,0.94525,0.66667,,
132,0.11997,0.88889,,
133,0.39288,0.88889,,
134,0.10501,0.88889,,
135,0.33249,0.88889,,
136,0.56194,0.66667,,
137,0.98472,0.75,,
138,0.05098,1.0,,
139,0.10252,0.88889,,
140,0.19934,0.88889,,
141,0.30457,0.88889,,
142,0.02699,1.0,,
143,0.00037,1.0,,
144,0.01069,1.0,,
145,0.03307,1.0,,
146,0.08449,0.88889,,
147,0.01728,1.0,,
148,0.83953,0.88889,,
149,0.5139,0.88889,,
150,0.35088,0.77778,,
151,0.22305,0.88889,,
152,0.18275,0.88889,,
153,0.00102,1.0,,
154,0.16249,0.88889,,
155,0.00015,1.0,,
156,0.39864,0.88889,,
157,7e-05,1.0,,
158,0.00054,1.0,,
159,0.00689,1.0,,
160,0.00093,1.0,,
161,0.00113,1.0,,
162,0.98163,0.88889,,
163,4e-05,1.0,,
164,1.63738,0.88889,,
165,0.14691,0.88889,,
166,0.25761,0.88889,,
167,7e-05,1.0,,
168,2.25509,0.77778,,
169,7e-05,1.0,,
170,0.13093,0.88889,,
171,1.04167,0.88889,,
172,0.47971,0.77778,,
173,0.00042,1.0,,
174,0.18325,0.88889,,
175,1.87153,0.88889,,
176,1.60505,0.88889,,
177,0.00029,1.0,,
178,0.00012,1.0,,
179,0.32333,0.88889,,
180,0.00233,1.0,,
181,0.54594,0.88889,,
182,0.75989,0.88889,,
183,0.00027,1.0,,
184,0.02089,1.0,,
185,0.32267,0.88889,,
186,0.03193,1.0,,
187,3e-05,1.0,,
188,0.00025,1.0,,
189,0.29267,0.88889,,
190,2.54555,0.77778,,
191,1.66696,0.88889,,
192,0.25474,0.77778,,
193,0.00124,1.0,,
194,3e-05,0.5,,
195,0.01137,1.0,,
196,1.14944,0.88889,,
197,2.96235,0.77778,,
198,1.30191,0.77778,,
199,0.09716,0.88889,,
200,0.09346,1.0,,
201,0.03708,1.0,,
202,0.00458,1.0,,
203,0.01447,1.0,,
204,1.40605,0.77778,,
205,0.00031,1.0,,
206,0.55438,0.88889,,
207,2e-05,1.0,,
208,0.00951,1.0,,
209,0.00016,1.0,,
210,1.28808,0.88889,,
211,0.0017,1.0,,
212,0.74011,0.88889,,
213,0.05301,1.0,,
214,0.01433,1.0,,
215,0.1039,1.0,,
216,1.27355,0.88889,,
217,0.02029,1.0,,
218,0.00034,1.0,,
219,0.00069,1.0,,
220,0.05641,1.0,,
221,0.00032,1.0,,
222,0.58463,0.88889,,
223,0.07521,1.0,,
224,0.00247,1.0,,
225,0.54864,0.88889,,
226,0.00798,1.0,,
227,1.96151,0.77778,,
228,0.01951,1.0,,
229,0.44267,0.88889,,
230,1.20381,0.88889,,
231,0.12539,0.88889,,
232,0.00144,1.0,,
233,0.23057,0.88889,,
234,0.96168,0.88889,,
235,1.16712,0.77778,,
236,0.91177,0.88889,,
237,2e-05,1.0,,
238,0.99958,0.77778,,
239,0.00102,1.0,,
240,3e-05,1.0,,
241,0.0003,1.0,,
242,1.98989,0.77778,,
243,2.34089,0.77778,,
244,0.81631,0.88889,,
245,0.38007,0.88889,,
246,0.0361,1.0,,
247,0.00017,1.0,,
248,0.1162,0.88889,,
249,0.13717,0.88889,,
250,0.72668,0.88889,,
251,0.35145,0.88889,,
252,0.00033,1.0,,
253,0.06223,1.0,,
254,1.06202,0.88889,,
255,1.37004,0.88889,,
256,0.00163,1.0,,
257,0.00017,1.0,,
258,0.70293,0.88889,,
259,0.77244,0.77778,,
260,0.12099,0.88889,,
261,0.08093,0.88889,,
262,0.0335,1.0,,
263,0.13182,0.88889,,
264,0.00019,1.0,,
265,0.86835,0.88889,,
266,0.53255,0.88889,,
267,0.00102,1.0,,
268,0.66199,0.77778,,
269,1.10703,0.88889,,
270,0.24823,0.88889,,
271,0.8038,0.88889,,
272,0.60616,0.88889,,
273,0.45589,0.88889,,
274,0.00133,1.0,,
275,0.0032,1.0,,
276,0.11924,0.88889,,
277,0.00114,1.0,,
278,1.22703,0.77778,,
279,0.00932,1.0,,
280,0.12793,0.88889,,
281,0.23402,0.88889,,
282,0.75249,0.88889,,
283,0.0082,1.0,,
284,0.07299,1.0,,
285,1.58126,0.77778,,
286,0.00159,1.0,,
287,0.00817,1.0,,
288,0.00256,1.0,,
289,0.00021,1.0,,
290,0.00114,1.0,,
291,0.00019,1.0,,
292,1.35329,0.77778,,
293,0.80877,0.77778,,
294,0.00461,1.0,,
295,0.6508,0.88889,,
296,1.27402,0.88889,,
297,0.27115,0.88889,,
298,0.63105,0.88889,,
299,0.4366,0.88889,,
300,0.30331,0.88889,,
301,8e-05,1.0,,
302,0.33879,0.88889,,
303,0.02359,1.0,,
304,0.00611,1.0,,
305,0.00028,1.0,,
306,0.41115,0.77778,,
307,0.66145,0.88889,,
308,9e-05,1.0,,
309,0.00279,1.0,,
310,0.87266,0.77778,,
311,1.08196,0.88889,,
312,2e-05,1.0,,
313,0.81127,0.77778,,
314,0.42123,0.88889,,
315,0.4021,0.77778,,
316,0.28949,0.88889,,
317,3e-05,0.5,,
318,0.3416,0.88889,,
319,0.00193,1.0,,
320,0.78538,0.88889,,
321,0.04704,1.0,,
322,0.38175,0.88889,,
323,0.58417,0.88889,,
324,1.29831,0.88889,,
325,1.59169,0.77778,,
326,1.21102,0.88889,,
327,4e-05,1.0,,
328,1.57681,0.77778,,
329,0.00069,1.0,,
330,0.26408,0.88889,,
331,0.60484,0.88889,,
332,0.35369,0.88889,,
333,5e-05,1.0,,
334,0.82802,0.77778,,
335,0.00088,1.0,,
336,0.02973,1.0,,
337,0.00052,1.0,,
338,0.74737,0.77778,,
339,0.00098,1.0,,
340,0.00036,1.0,,
341,0.43678,0.88889,,
342,5e-05,1.0,,
343,0.33369,0.88889,,
344,0.00111,1.0,,
345,1.02882,0.88889,,
346,0.59659,0.88889,,
347,0.10935,0.88889,,
348,0.41122,0.88889,,
349,1.07816,0.88889,,
350,3e-05,1.0,,
351,0.21723,0.88889,,
352,0.00122,1.0,,
353,0.60691,0.88889,,
354,1.33315,0.77778,,
355,3e-05,1.0,,
356,0.00013,1.0,,
357,1.62048,0.88889,,
358,1.31745,0.88889,,
359,0.09576,1.0,,
360,0.82538,0.88889,,
361,0.00699,0.5,,
362,0.00494,1.0,,
363,8e-05,0.66667,,
364,1.292,0.77778,,
365,0.02095,1.0,,
366,2.01412,0.88889,,
367,2.96542,0.77778,,
368,0.00385,1.0,,
369,1.68081,0.77778,,
370,8e-05,1.0,,
371,0.10422,0.88889,,
372,4e-05,1.0,,
373,0.02178,1.0,,
374,0.0073,1.0,,
375,0.04944,1.0,,
376,1.04174,0.88889,,
377,0.01168,1.0,,
378,0.00281,1.0,,
379,0.98294,0.88889,,
380,3e-05,1.0,,
381,6e-05,1.0,,
382,0.1227,0.88889,,
383,0.00015,1.0,,
384,2.09382,0.77778,,
385,4e-05,1.0,,
386,0.00162,1.0,,
387,0.00024,1.0,,
388,5e-05,1.0,,
389,1e-05,1.0,,
390,0.91979,0.77778,,
391,0.44502,0.88889,,
392,0.07838,1.0,,
393,1.74429,0.77778,,
394,2e-05,1.0,,
395,0.00357,1.0,,
396,0.57612,0.88889,,
397,1e-05,1.0,,
398,1e-05,1.0,,
399,2e-05,1.0,,
400,8e-05,1.0,,
401,4e-05,1.0,,
402,0.01646,1.0,,
403,1e-05,1.0,,
404,1e-05,1.0,,
405,0.0109,1.0,,
406,1.8194,0.88889,,
407,0.13563,0.88889,,
408,1.56572,0.88889,,
409,0.26289,0.88889,,
410,1e-05,1.0,,
411,1e-05,1.0,,
412,0.00137,1.0,,
413,7e-05,1.0,,
414,0.28752,0.88889,,
415,1e-05,1.0,,
416,1.35456,0.88889,,
417,0.75488,0.88889,,
418,0.01513,1.0,,
419,0.00076,1.0,,
420,1e-05,1.0,,
421,3e-05,1.0,,
422,1e-05,1.0,,
423,2e-05,1.0,,
424,1.85393,0.88889,,
425,1e-05,1.0,,
426,0.11105,0.88889,,
427,0.32204,0.88889,,
428,1e-05,1.0,,
429,1e-05,1.0,,
430,0.05277,1.0,,
431,2.24475,0.88889,,
432,1e-05,0.5,,
433,1e-05,1.0,,
434,1e-05,1.0,,
435,2.11625,0.88889,,
436,0.45948,0.88889,,
437,1.10046,0.88889,,
438,0.0,1.0,,
439,0.0,1.0,,
440,0.99966,0.88889,,
441,0.0,1.0,,
442,0.0,1.0,,
443,0.0,1.0,,
444,2.0007,0.77778,,
445,0.00068,1.0,,
446,0.24257,0.88889,,
447,1.30081,0.88889,,
448,1e-05,1.0,,
449,0.0194,1.0,,
450,0.00025,1.0,,
451,0.0,1.0,,
452,0.0,1.0,,
453,0.3769,0.88889,,
454,4.17239,0.66667,,
455,0.0,1.0,,
456,2.02117,0.88889,,
457,5.22954,0.77778,,
458,2.44582,0.83333,,
459,0.67941,0.88889,,
460,1.95872,0.88889,,
461,0.0,1.0,,
462,0.93774,0.88889,,
463,1.48826,0.88889,,
464,3.06219,0.77778,,
465,2.39752,0.88889,,
466,0.0,1.0,,
467,1.54252,0.88889,,
468,1.47123,0.88889,,
469,0.0,1.0,,
470,1e-05,1.0,,
471,0.00046,1.0,,
472,1.39656,0.88889,,
473,0.00583,1.0,,
474,1.23381,0.88889,,
475,0.97577,0.88889,,
476,0.01753,1.0,,
477,0.00018,1.0,,
478,1.17733,0.88889,,
479,0.00245,1.0,,
480,1e-05,1.0,,
481,1.2074,0.77778,,
482,0.02174,1.0,,
483,0.00823,1.0,,
484,0.00349,1.0,,
485,2.85103,0.77778,,
486,5e-05,1.0,,
487,1.77375,0.88889,,
488,7e-05,1.0,,
489,1.09822,0.88889,,
490,3e-05,1.0,,
491,0.19931,0.88889,,
492,0.001,1.0,,
493,1e-05,1.0,,
494,1e-05,1.0,,
495,0.34511,0.88889,,
496,0.0228,1.0,,
497,1.42895,0.77778,,
498,0.0003,1.0,,
499,0.0002,1.0,,
500,0.0,1.0,,
501,0.0,1.0,,
502,1e-05,1.0,,
503,6e-05,1.0,,
504,1e-05,1.0,,
505,0.06118,1.0,,
506,1e-05,0.5,,
507,0.0,1.0,,
508,0.0,1.0,,
509,0.00017,1.0,,
510,0.01236,1.0,,
511,1.64642,0.88889,,
512,1.01657,0.88889,,
513,0.0,1.0,,
514,1.12772,0.88889,,
515,0.2105,0.88889,,
516,0.0,1.0,,
517,0.0,1.0,,
518,0.0,1.0,,
519,0.0,1.0,,
520,0.0,1.0,,
521,0.05207,1.0,,
522,2.34207,0.88889,,
523,0.35128,0.88889,,
524,1.5222,0.88889,,
525,0.0,1.0,,
526,1.29908,0.88889,,
527,4e-05,1.0,,
528,0.00065,1.0,,
529,0.0,1.0,,
530,1e-05,1.0,,
531,1.85561,0.88889,,
532,0.0,1.0,,
533,1.41728,0.88889,,
534,0.0,1.0,,
535,0.00098,1.0,,
536,0.86289,0.88889,,
537,0.0,1.0,,
538,0.00082,1.0,,
539,0.0,1.0,,
540,2.97882,0.83333,,
541,0.00016,1.0,,
542,0.0,1.0,,
543,2.10358,0.88889,,
544,0.33172,0.88889,,
545,0.0,1.0,,
546,1.81135,0.88889,,
547,0.0,1.0,,
548,1.93748,0.88889,,
549,0.0,1.0,,
550,1.45409,0.88889,,
551,1.0714,0.88889,,
552,0.0,1.0,,
553,0.0,1.0,,
554,2.17751,0.77778,,
555,0.03192,1.0,,
556,0.0,1.0,,
557,4e-05,1.0,,
558,0.0,1.0,,
559,0.60307,0.88889,,
560,0.0,1.0,,
561,0.00031,1.0,,
562,0.51083,0.88889,,
563,0.0,1.0,,
564,0.0,1.0,,
565,0.0,1.0,,
566,1.514,0.88889,,
567,0.00201,1.0,,
568,0.0,1.0,,
569,0.07049,1.0,,
570,0.0,1.0,,
571,0.92317,0.88889,,
572,0.0,1.0,,
573,0.01024,1.0,,
574,0.9297,0.88889,,
575,1.86014,0.88889,,
576,0.0,1.0,,
577,0.0,1.0,,
578,0.58202,0.88889,,
579,0.0,1.0,,
580,0.07426,1.0,,
581,0.0,1.0,,
582,0.0,1.0,,
583,5e-05,1.0,,
584,0.0,1.0,,
585,1.47146,0.88889,,
586,2.7051,0.77778,,
587,0.0,1.0,,
588,0.00014,1.0,,
589,2.30209,0.77778,,
590,0.00017,1.0,,
591,1.91562,0.77778,,
592,1.65349,0.88889,,
593,0.0,1.0,,
594,0.0,1.0,,
595,0.0,1.0,,
596,1.89783,0.88889,,
597,0.0,1.0,,
598,0.0,1.0,,
599,1.90233,0.88889,,
600,0.0,1.0,,
601,1.6222,0.88889,,
602,0.0,1.0,,
603,1.22383,0.88889,,
604,0.0,1.0,,
605,0.83741,0.88889,,
606,6e-05,1.0,,
607,0.65003,0.88889,,
608,0.0,1.0,,
609,0.0,1.0,,
610,0.0,1.0,,
611,2.26585,0.88889,,
612,0.0,1.0,,
613,0.0,1.0,,
614,0.0,1.0,,
615,0.0,1.0,,
616,1.38817,0.88889,,
617,1.82771,0.88889,,
618,0.0,1.0,,
619,1.04675,0.88889,,
620,0.0,1.0,,
621,1.77558,0.88889,,
622,0.0,1.0,,
623,2.22439,0.88889,,
624,1.36334,0.88889,,
625,0.00225,1.0,,
626,0.0,1.0,,
627,0.0,1.0,,
628,0.0001,1.0,,
629,3.04306,0.77778,,
630,0.0,1.0,,
631,1e-05,1.0,,
632,0.0,1.0,,
633,0.0,1.0,,
634,0.07716,0.88889,,
635,1e-05,1.0,,
636,0.50583,0.88889,,
637,0.0,1.0,,
638,0.0,0.66667,,
639,0.0,1.0,,
640,1.87048,0.88889,,
641,1.71933,0.88889,,
642,0.03126,1.0,,
643,2.11564,0.77778,,
644,0.0,1.0,,
645,0.88251,0.88889,,
646,0.0,1.0,,
647,0.0,1.0,,
648,6e-05,1.0,,
649,0.0,1.0,,
650,2.64067,0.75,,
651,0.0,1.0,,
652,1.32707,0.77778,,
653,0.00022,1.0,,
654,0.0,1.0,,
655,0.0,1.0,,
656,0.0,1.0,,
657,0.0,1.0,,
658,0.0,1.0,,
659,1.61253,0.88889,,
660,0.0,1.0,,
661,8e-05,1.0,,
662,0.0,1.0,,
663,1.43229,0.88889,,
664,0.0,1.0,,
665,2.44332,0.88889,,
666,0.0,1.0,,
667,0.0,1.0,,
668,0.0,1.0,,
669,0.0,0.66667,,
670,0.76672,0.88889,,
671,1e-05,1.0,,
672,2.03526,0.88889,,
673,3e-05,1.0,,
674,1.65587,0.88889,,
675,0.0,1.0,,
676,0.62564,0.88889,,
677,0.00124,1.0,,
678,1e-05,1.0,,
679,2.21334,0.77778,,
680,1.59131,0.88889,,
681,0.0,1.0,,
682,0.00029,1.0,,
683,0.53052,0.88889,,
684,1.42847,0.88889,,
685,0.0,1.0,,
686,0.0,1.0,,
687,0.96847,0.88889,,
688,0.0,1.0,,
689,1.19671,0.88889,,
690,1.17463,0.77778,,
691,3.67463,0.77778,,
692,1e-05,1.0,,
693,0.0,1.0,,
694,0.0001,1.0,,
695,0.1769,0.88889,,
696,0.0,1.0,,
697,0.0,0.5,,
698,1e-05,1.0,,
699,0.09203,0.88889,,
700,0.0,1.0,,
701,0.55355,0.88889,,
702,0.0,1.0,,
703,0.0,1.0,,
704,1.51852,0.88889,,
705,0.0,1.0,,
706,0.0,1.0,,
707,0.0,1.0,,
708,1.61855,0.88889,,
709,0.0,1.0,,
710,0.00012,1.0,,
711,1.54759,0.88889,,
712,0.00535,1.0,,
713,0.0,1.0,,
714,1.72095,0.88889,,
715,0.33024,0.88889,,
716,1.54448,0.88889,,
717,2.74787,0.77778,,
718,0.0,1.0,,
719,0.04921,1.0,,
720,1.40342,0.88889,,
721,0.0,1.0,,
722,0.0,1.0,,
723,0.0,1.0,,
724,0.0,1.0,,
725,1e-05,1.0,,
726,0.0,1.0,,
727,0.00023,1.0,,
728,0.0,1.0,,
729,1.69237,0.88889,,
730,0.0,1.0,,
731,0.0,1.0,,
732,2.11551,0.88889,,
733,1.30086,0.88889,,
734,0.0,1.0,,
735,0.0,1.0,,
736,1.88354,0.88889,,
737,0.44734,0.88889,,
738,1e-05,1.0,,
739,1.68855,0.88889,,
740,0.0,1.0,,
741,0.00236,1.0,,
742,0.0,1.0,,
743,0.61695,0.88889,,
744,0.0,1.0,,
745,0.0,1.0,,
746,0.0,1.0,,
747,0.0,1.0,,
748,1.20815,0.88889,,
749,0.0,1.0,,
750,0.0,1.0,,
751,3.42187,0.77778,,
752,1e-05,1.0,,
753,0.0,1.0,,
754,0.0,1.0,,
755,0.0,1.0,,
756,0.0,1.0,,
757,2.05033,0.88889,,
758,1.40781,0.88889,,
759,0.38545,0.88889,,
760,0.0,1.0,,
761,2.32776,0.77778,,
762,0.92557,0.88889,,
763,1.07564,0.88889,,
764,0.0,1.0,,
765,1.21212,0.77778,,
766,0.0,1.0,,
767,0.0,1.0,,
768,0.0,1.0,,
769,0.0,1.0,,
770,0.3653,0.88889,,
771,1.7347,0.88889,,
772,1.55301,0.88889,,
773,0.68266,0.88889,,
774,0.00017,1.0,,
775,0.62333,0.88889,,
776,1.09329,0.88889,,
777,1.70943,0.88889,,
778,0.80935,0.88889,,
779,0.44845,0.88889,,
780,0.0,1.0,,
781,0.00092,1.0,,
782,1.51656,0.88889,,
783,0.00043,1.0,,
784,2e-05,1.0,,
785,0.0,1.0,,
786,0.0,1.0,,
787,1.95967,0.88889,,
788,0.0,1.0,,
789,1.69673,0.88889,,
790,1.07298,0.88889,,
791,0.9243,0.88889,,
792,0.0,1.0,,
793,0.0,1.0,,
794,0.95877,0.88889,,
795,0.0,1.0,,
796,0.85408,0.88889,,
797,1e-05,1.0,,
798,7e-05,1.0,,
799,7e-05,1.0,,
800,0.0,1.0,,
801,1.11975,0.88889,,
802,1.07849,0.88889,,
803,0.0,1.0,,
804,0.0,1.0,,
805,0.0,1.0,,
806,0.0,1.0,,
807,0.0,1.0,,
808,0.0,1.0,,
809,0.0,1.0,,
810,1.62472,0.88889,,
811,0.0,1.0,,
812,0.0,1.0,,
813,0.01161,1.0,,
814,0.11008,0.88889,,
815,0.0,1.0,,
816,2.5045,0.77778,,
817,0.5172,0.88889,,
818,2.04396,0.88889,,
819,0.0,1.0,,
820,2e-05,1.0,,
821,2e-05,1.0,,
822,1.62156,0.88889,,
823,0.0,1.0,,
824,0.0,1.0,,
825,0.00011,1.0,,
826,0.0,1.0,,
827,0.0,1.0,,
828,2.57249,0.77778,,
829,2.13409,0.77778,,
830,0.0,1.0,,
831,0.0,1.0,,
832,0.25131,0.88889,,
833,0.93982,0.88889,,
834,0.3584,0.88889,,
835,0.0,1.0,,
836,1.73245,0.88889,,
837,0.0,1.0,,
838,1.09937,0.77778,,
839,0.0,1.0,,
840,0.0,1.0,,
841,1.98553,0.88889,,
842,0.0,1.0,,
843,0.03193,1.0,,
844,0.0,1.0,,
845,0.00052,1.0,,
846,7e-05,1.0,,
847,0.00217,1.0,,
848,0.63298,0.88889,,
849,0.0,1.0,,
850,0.0,1.0,,
851,0.0,1.0,,
852,0.0,1.0,,
853,1.05458,0.88889,,
854,0.0,1.0,,
855,1.25875,0.88889,,
856,0.00554,1.0,,
857,1.54537,0.88889,,
858,0.0,1.0,,
859,0.0,1.0,,
860,0.0,1.0,,
861,0.00075,1.0,,
862,0.20056,0.88889,,
863,0.06542,1.0,,
864,0.86584,0.88889,,
865,0.0,1.0,,
866,0.0,0.5,,
867,0.47266,0.88889,,
868,1.65146,0.88889,,
869,1.9034,0.77778,,
870,0.00089,1.0,,
871,0.0,1.0,,
872,0.0,1.0,,
873,0.0,1.0,,
874,0.87622,0.88889,,
875,0.0,1.0,,
876,1.86988,0.88889,,
877,1.29806,0.77778,,
878,0.02188,1.0,,
879,0.0,1.0,,
880,0.0,1.0,,
881,0.0,1.0,,
882,1.7471,0.88889,,
883,2.23566,0.77778,,
884,1.42953,0.88889,,
885,0.0,1.0,,
886,1.46694,0.88889,,
887,1.47709,0.88889,,
888,0.0,1.0,,
889,0.0,1.0,,
890,0.0,1.0,,
891,1.32624,0.88889,,
892,0.0,1.0,,
893,0.0,1.0,,
894,7e-05,1.0,,
895,2.13879,0.88889,,
896,0.0,1.0,,
897,1e-05,1.0,,
898,2e-05,1.0,,
899,1.66053,0.88889,,
900,1.6307,0.88889,,
901,5e-05,1.0,,
902,0.73155,0.88889,,
903,0.0,1.0,,
904,1e-05,1.0,,
905,0.0,1.0,,
906,0.0,1.0,,
907,4.0991,0.66667,,
908,0.0,1.0,,
909,0.0,1.0,,
910,0.0,1.0,,
911,1e-05,1.0,,
912,0.0,1.0,,
913,1.39197,0.88889,,
914,3.34044,0.77778,,
915,0.0,1.0,,
916,1.37076,0.88889,,
917,0.0,1.0,,
918,0.0,1.0,,
919,0.0,1.0,,
920,0.0,1.0,,
921,0.0,1.0,,
922,1e-05,1.0,,
923,1.8824,0.88889,,
924,0.0001,1.0,,
925,1.67218,0.88889,,
926,1.76529,0.88889,,
927,1.05101,0.88889,,
928,1.6923,0.88889,,
929,2.52946,0.77778,,
930,5e-05,0.5,,
931,0.0,1.0,,
932,2e-05,1.0,,
933,0.0,1.0,,
934,0.0,1.0,,
935,1.99946,0.77778,,
936,2.29997,0.88889,,
937,0.0,1.0,,
938,0.0,1.0,,
939,1.46028,0.88889,,
940,0.0,1.0,,
941,0.0,1.0,,
942,0.0,1.0,,
943,0.0,1.0,,
944,0.0,1.0,,
945,0.16807,0.88889,,
946,0.82764,0.88889,,
947,0.00093,1.0,,
948,1e-05,1.0,,
949,1.95792,0.88889,,
950,0.0,1.0,,
951,0.0,1.0,,
952,0.00068,1.0,,
953,0.00017,1.0,,
954,0.0,1.0,,
955,0.0,1.0,,
956,1.57476,0.88889,,
957,2.86252,0.77778,,
958,1.24916,0.88889,,
959,0.0,1.0,,
960,0.0,1.0,,
961,1e-05,1.0,,
962,0.0,1.0,,
963,0.0,1.0,,
964,1.09278,0.88889,,
965,0.0,1.0,,
966,0.0,1.0,,
967,1.6176,0.88889,,
968,0.0,1.0,,
969,2.14909,0.77778,,
970,0.0,1.0,,
971,1.32101,0.88889,,
972,0.0,1.0,,
973,1.34525,0.88889,,
974,1.44561,0.88889,,
975,0.28019,0.88889,,
976,0.0,1.0,,
977,0.0,1.0,,
978,1.59986,0.88889,,
979,0.0,1.0,,
980,0.93568,0.88889,,
981,0.0,1.0,,
982,0.0,1.0,,
983,0.0,1.0,,
984,1.17187,0.88889,,
985,0.0,1.0,,
986,0.0,1.0,,
987,0.0,1.0,,
988,0.00022,1.0,,
989,0.0,1.0,,
990,0.0,1.0,,
991,2.35138,0.77778,,
992,0.0,1.0,,
993,1.42965,0.88889,,
994,1.37297,0.88889,,
995,0.0,1.0,,
996,1.56756,0.88889,,
997,1.85482,0.91667,,
998,0.00072,1.0,,
999,0.0,1.0,,
1000,1e-05,1.0,,
1001,0.0,1.0,,
1002,0.0,1.0,,
1003,0.0,0.66667,,
1004,0.0,1.0,,
1005,0.0,1.0,,
1006,1.55617,0.77778,,
1007,1.7942,0.88889,,
1008,0.0,1.0,,
1009,0.0,1.0,,
1010,2.05281,0.88889,,
1011,0.0,1.0,,
1012,0.0,1.0,,
1013,0.0,1.0,,
1014,0.0,1.0,,
1015,0.0,1.0,,
1016,0.0,1.0,,
1017,0.0,1.0,,
1018,2e-05,1.0,,
1019,0.0,1.0,,
1020,0.0,1.0,,
1021,1e-05,1.0,,
1022,1.9191,0.88889,,
1023,1e-05,1.0,,
1024,0.0,1.0,,
1025,2.33127,0.88889,,
1026,0.0,1.0,,
1027,0.0,1.0,,
1028,0.0,1.0,,
1029,0.00028,1.0,,
1030,0.0002,1.0,,
1031,0.15084,0.88889,,
1032,1.89214,0.88889,,
1033,0.0,1.0,,
1034,0.00402,1.0,,
1035,0.0,0.66667,,
1036,0.07383,1.0,,
1037,1.77205,0.88889,,
1038,0.0,1.0,,
1039,0.0,1.0,,
1040,0.0,1.0,,
1041,0.0,1.0,,
1042,0.0,1.0,,
1043,0.45703,0.88889,,
1044,0.0,1.0,,
1045,0.0,1.0,,
1046,0.0,1.0,,
1047,1.48791,0.88889,,
1048,1.21493,0.88889,,
1049,0.0,1.0,,
1050,1e-05,1.0,,
1051,1.804,0.88889,,
1052,1.88554,0.88889,,
1053,0.0,1.0,,
1054,0.0,1.0,,
1055,0.0,0.66667,,
1056,0.0,1.0,,
1057,1.66672,0.88889,,
1058,0.00026,1.0,,
1059,1.74517,0.88889,,
1060,1.92378,0.88889,,
1061,0.0,1.0,,
1062,1.82818,0.88889,,
1063,0.0,1.0,,
1064,0.0,1.0,,
1065,0.0,1.0,,
1066,0.0,1.0,,
1067,1e-05,1.0,,
1068,1e-05,1.0,,
1069,1.31741,0.88889,,
1070,0.87779,0.88889,,
1071,0.00054,1.0,,
1072,0.74771,0.77778,,
1073,0.0,1.0,,
1074,0.0,1.0,,
1075,0.0,1.0,,
1076,0.0,1.0,,
1077,0.37374,0.88889,,
1078,1.4556,0.88889,,
1079,0.0,1.0,,
1080,2e-05,1.0,,
1081,0.19533,0.88889,,
1082,0.28917,0.91667,,
1083,0.0,1.0,,
1084,0.85758,0.88889,,
1085,1e-05,1.0,,
1086,1.276,0.88889,,
1087,0.0,1.0,,
1088,0.0,1.0,,
1089,0.0,1.0,,
1090,2e-05,1.0,,
1091,0.0,1.0,,
1092,0.0,1.0,,
1093,3e-05,1.0,,
1094,0.0,1.0,,
1095,0.0,1.0,,
1096,1.09019,0.88889,,
1097,0.0,1.0,,
1098,0.0,1.0,,
1099,1.77615,0.88889,,
1100,1.62264,0.88889,,
1101,0.0,1.0,,
1102,0.0,1.0,,
1103,1.61285,0.83333,,
1104,0.0,1.0,,
1105,0.0,1.0,,
1106,0.0,1.0,,
1107,0.0,1.0,,
1108,0.0,1.0,,
1109,0.0,1.0,,
1110,0.06735,1.0,,
1111,0.0,1.0,,
1112,0.0,1.0,,
1113,1.92786,0.88889,,
1114,0.0,1.0,,
1115,0.0,1.0,,
1116,0.01029,1.0,,
1117,1.59698,0.88889,,
1118,0.0,1.0,,
1119,7e-05,1.0,,
1120,1.83985,0.88889,,
1121,0.0,1.0,,
1122,0.89489,0.88889,,
1123,1.12054,0.88889,,
1124,0.0,1.0,,
1125,0.0,1.0,,
1126,0.0,1.0,,
1127,1.096,0.88889,,
1128,0.0,1.0,,
1129,1.52655,0.88889,,
1130,0.0,1.0,,
1131,0.0,1.0,,
1132,2e-05,1.0,,
1133,1.60028,0.88889,,
1134,0.0,1.0,,
1135,0.0,1.0,,
1136,0.0,1.0,,
1137,0.0,1.0,,
1138,0.0,1.0,,
1139,1.57147,0.88889,,
1140,0.0,1.0,,
1141,0.0,1.0,,
1142,1.66539,0.88889,,
1143,0.0,1.0,,
1144,0.0,1.0,,
1145,0.0,1.0,,
1146,0.00128,1.0,,
1147,1.81191,0.88889,,
1148,1.83839,0.88889,,
1149,2.99002,0.77778,,
1150,0.0,1.0,,
1151,1.83758,0.88889,,
1152,0.0,1.0,,
1153,1.84717,0.77778,,
1154,0.0,1.0,,
1155,0.0,1.0,,
1156,0.14433,0.88889,,
1157,0.0,1.0,,
1158,1.57213,0.88889,,
1159,0.0,1.0,,
1160,0.0,1.0,,
1161,0.00013,1.0,,
1162,0.0,1.0,,
1163,1.22597,0.88889,,
1164,0.43402,0.88889,,
1165,0.57749,0.88889,,
1166,0.0,1.0,,
1167,0.0021,1.0,,
1168,0.0,1.0,,
1169,0.0,1.0,,
1170,0.0,1.0,,
1171,0.0,1.0,,
1172,0.0,1.0,,
1173,1.00154,0.88889,,
1174,0.0,1.0,,
1175,2e-05,1.0,,
1176,1.88209,0.88889,,
1177,0.0,1.0,,
1178,0.50984,0.88889,,
1179,0.0,1.0,,
1180,0.0,1.0,,
1181,0.0,1.0,,
1182,0.0,1.0,,
1183,1.54055,0.88889,,
1184,0.0,0.66667,,
1185,0.0,1.0,,
1186,1.6648,0.88889,,
1187,0.0,1.0,,
1188,2e-05,1.0,,
1189,0.0,1.0,,
1190,0.0,1.0,,
1191,0.0,1.0,,
1192,0.0,1.0,,
1193,0.0,1.0,,
1194,0.27187,0.88889,,
1195,0.0,1.0,,
1196,1.34086,0.88889,,
1197,0.0,1.0,,
1198,0.0,1.0,,
1199,0.0,1.0,,
1200,1.79778,0.88889,,
1201,1.92877,0.88889,,
1202,0.0,1.0,,
1203,0.0,1.0,,
1204,0.0,1.0,,
1205,1.43854,0.88889,,
1206,0.0,1.0,,
1207,0.0,1.0,,
1208,0.0,1.0,,
1209,0.0,1.0,,
1210,1.87992,0.88889,,
1211,0.0,1.0,,
1212,0.0,1.0,,
1213,0.0,1.0,,
1214,0.0,1.0,,
1215,0.01304,1.0,,
1216,0.0,1.0,,
1217,0.0,1.0,,
1218,1.7514,0.88889,,
1219,0.0,1.0,,
1220,0.0,1.0,,
1221,0.0,1.0,,
1222,0.0,1.0,,
1223,0.0,1.0,,
1224,1e-05,1.0,,
1225,0.0,1.0,,
1226,0.0,1.0,,
1227,0.0,1.0,,
1228,0.0,1.0,,
1229,0.0,1.0,,
1230,1.50609,0.88889,,
1231,1e-05,1.0,,
1232,0.0,1.0,,
1233,0.50027,0.88889,,
1234,0.21672,0.88889,,
1235,0.08715,0.88889,,
1236,0.00021,1.0,,
1237,2.59588,0.77778,,
1238,0.0,1.0,,
1239,0.0,1.0,,
1240,0.25346,0.88889,,
1241,1e-05,1.0,,
1242,0.0,1.0,,
1243,1.31354,0.88889,,
1244,0.0,1.0,,
1245,0.93426,0.88889,,
1246,0.0,1.0,,
1247,0.0,1.0,,
1248,0.0,1.0,,
1249,0.0,1.0,,
1250,0.0,1.0,,
1251,0.0,1.0,,
1252,3.03248,0.77778,,
1253,0.0,1.0,,
1254,0.0,1.0,,
1255,0.63011,0.88889,,
1256,0.0,1.0,,
1257,0.00371,1.0,,
1258,0.0,1.0,,
1259,0.0,1.0,,
1260,0.0,1.0,,
1261,0.0,1.0,,
1262,0.0,1.0,,
1263,1.56147,0.88889,,
1264,0.00283,1.0,,
1265,0.0,1.0,,
1266,0.0,1.0,,
1267,1.00469,0.88889,,
1268,0.0,1.0,,
1269,0.0,1.0,,
1270,0.0,1.0,,
1271,0.0,1.0,,
1272,0.0,1.0,,
1273,0.0,1.0,,
1274,2.14997,0.88889,,
1275,0.0,1.0,,
1276,0.0,1.0,,
1277,0.18334,0.88889,,
1278,0.0,1.0,,
1279,0.0,1.0,,
1280,2.07352,0.88889,,
1281,0.0,1.0,,
1282,1.66161,0.88889,,
1283,1.04641,0.88889,,
1284,0.0,1.0,,
1285,0.0,1.0,,
1286,0.0,1.0,,
1287,0.0,1.0,,
1288,0.0,1.0,,
1289,1e-05,1.0,,
1290,2.32568,0.88889,,
1291,0.0,1.0,,
1292,0.0,1.0,,
1293,1.65111,0.88889,,
1294,1.30588,0.88889,,
1295,0.0,1.0,,
1296,0.0,1.0,,
1297,0.0,1.0,,
1298,0.0,1.0,,
1299,0.0,1.0,,
1300,1.65958,0.88889,,
1301,1.68238,0.88889,,
1302,0.0,1.0,,
1303,0.0,1.0,,
1304,1e-05,1.0,,
1305,1.5939,0.88889,,
1306,0.00071,1.0,,
1307,0.0,1.0,,
1308,2.13749,0.88889,,
1309,1.48211,0.88889,,
1310,0.0,1.0,,
1311,0.0,1.0,,
1312,0.0,1.0,,
1313,0.33891,0.88889,,
1314,0.0,1.0,,
1315,1.10927,0.88889,,
1316,0.0,1.0,,
1317,0.97977,0.83333,,
1318,0.0079,1.0,,
1319,0.0,1.0,,
1320,1.32132,0.88889,,
1321,0.0,1.0,,
1322,0.0,1.0,,
1323,0.0,0.5,,
1324,0.0,1.0,,
1325,0.0,1.0,,
1326,1.79983,0.88889,,
1327,0.0,1.0,,
1328,1.79778,0.88889,,
1329,0.0,1.0,,
1330,0.0,1.0,,
1331,0.0,1.0,,
1332,0.0,1.0,,
1333,1.59637,0.88889,,
1334,0.0,1.0,,
1335,3e-05,1.0,,
1336,0.56659,0.88889,,
1337,0.0,1.0,,
1338,0.0,1.0,,
1339,0.0,1.0,,
1340,0.0,1.0,,
1341,0.0,1.0,,
1342,1.74256,0.88889,,
1343,0.0,1.0,,
1344,0.0,1.0,,
1345,0.0,1.0,,
1346,0.0667,1.0,,
1347,0.0,1.0,,
1348,0.0,1.0,,
1349,0.0,1.0,,
1350,0.0,1.0,,
1351,0.0,1.0,,
1352,1.69356,0.88889,,
1353,0.0,1.0,,
1354,0.0,1.0,,
1355,0.91458,0.88889,,
1356,0.0,1.0,,
1357,1.54247,0.88889,,
1358,0.0,0.66667,,
1359,0.0,1.0,,
1360,0.0,1.0,,
1361,0.0,1.0,,
1362,0.0,1.0,,
1363,0.0,1.0,,
1364,0.0,1.0,,
1365,0.0,1.0,,
1366,1.57447,0.83333,,
1367,0.0,1.0,,
1368,0.0,1.0,,
1369,0.0,1.0,,
1370,0.0,1.0,,
1371,0.0,1.0,,
1372,1.6183,0.88889,,
1373,0.0,1.0,,
1374,1.6337,0.88889,,
1375,0.0,1.0,,
1376,2.01866,0.77778,,
1377,3.28714,0.77778,,
1378,2.83292,0.77778,,
1379,4.06733,0.77778,,
1380,0.0,1.0,,
1381,0.0,1.0,,
1382,2.08814,0.88889,,
1383,0.71934,0.88889,,
1384,0.0,1.0,,
1385,0.0,1.0,,
1386,0.0,1.0,,
1387,0.01618,1.0,,
1388,1.98905,0.88889,,
1389,0.0,1.0,,
1390,0.69381,0.88889,,
1391,0.0,1.0,,
1392,0.0,1.0,,
1393,1.83042,0.88889,,
1394,0.0,1.0,,
1395,0.0,1.0,,
1396,0.0,1.0,,
1397,0.0,1.0,,
1398,1.79978,0.88889,,
1399,0.0,1.0,,
1400,0.0,1.0,,
1401,2.12916,0.88889,,
1402,1.77228,0.88889,,
1403,0.0,1.0,,
1404,0.53196,0.88889,,
1405,0.0,1.0,,
1406,1.58721,0.88889,,
1407,4e-05,1.0,,
1408,0.0,1.0,,
1409,0.0,1.0,,
1410,0.0,1.0,,
1411,0.0,1.0,,
1412,1.58297,0.88889,,
1413,0.0,1.0,,
1414,0.55963,0.88889,,
1415,0.0,1.0,,
1416,1.49679,0.88889,,
1417,0.0,1.0,,
1418,0.0,1.0,,
1419,1.47236,0.88889,,
1420,0.0,1.0,,
1421,0.0,1.0,,
1422,0.6667,0.88889,,
1423,0.0,1.0,,
1424,0.0,1.0,,
1425,0.0,1.0,,
1426,0.00011,1.0,,
1427,0.0,1.0,,
1428,0.0,1.0,,
1429,0.0,1.0,,
1430,1.1257,0.88889,,
1431,0.0,1.0,,
1432,0.0,1.0,,
1433,1.22942,0.88889,,
1434,0.0,1.0,,
1435,0.0,1.0,,
1436,0.0,1.0,,
1437,0.00011,1.0,,
1438,0.0,1.0,,
1439,0.0,1.0,,
1440,0.0,1.0,,
1441,0.0,1.0,,
1442,1.61385,0.88889,,
1443,0.01126,1.0,,
1444,0.0,1.0,,
1445,0.0,1.0,,
1446,0.0036,1.0,,
1447,1.6616,0.88889,,
1448,0.0,1.0,,
1449,0.0,1.0,,
1450,1.89542,0.88889,,
1451,0.0219,1.0,,
1452,0.0,1.0,,
1453,0.0,1.0,,
1454,0.0,1.0,,
1455,1.14275,0.88889,,
1456,0.0,1.0,,
1457,0.00741,1.0,,
1458,0.0,1.0,,
1459,0.24619,0.77778,,
1460,1.825,0.88889,,
1461,0.0,1.0,,
1462,0.0,1.0,,
1463,1.04992,0.88889,,
1464,0.0,1.0,,
1465,0.0,1.0,,
1466,0.0,1.0,,
1467,0.84687,0.88889,,
1468,1.79783,0.88889,,
1469,0.0,1.0,,
1470,0.0,1.0,,
1471,1.93547,0.88889,,
1472,1.28984,0.88889,,
1473,1e-05,1.0,,
1474,0.0,1.0,,
1475,1.55735,0.88889,,
1476,0.0,1.0,,
1477,0.0,1.0,,
1478,0.02484,1.0,,
1479,0.0,1.0,,
1480,0.00401,1.0,,
1481,1.69062,0.88889,,
1482,0.0,1.0,,
1483,0.0,1.0,,
1484,0.0,1.0,,
1485,0.0,1.0,,
1486,1.66043,0.88889,,
1487,1.40575,0.88889,,
1488,0.0,1.0,,
1489,0.0,1.0,,
1490,0.0,1.0,,
1491,0.0,1.0,,
1492,0.0,1.0,,
1493,0.0,1.0,,
1494,0.0,1.0,,
1495,0.0,1.0,,
1496,0.0,1.0,,
1497,0.0,1.0,,
1498,0.0,1.0,,
1499,0.0,1.0,,
1500,0.0,1.0,,
